{
  "products": {
    "fashion": [
      {
        "name": "T Shirt",
        "price": 500,
        "discount": 20,
        "size": "M"
      },
      {
        "name": "Shirt",
        "price": 1000,
        "discount": 20,
        "size": "M"
      },
      {
        "name": "Trouser",
        "price": 1500,
        "discount": 20,
        "size": 36
      },
      {
        "name": "Jeans",
        "price": 1500,
        "discount": 20,
        "size": 36
      }
    ],
    "electronics": [
      {
        "name": "Mobile",
        "price": 20000,
        "discount": 20,
        "warranty": 1
      },
      {
        "name": "TV",
        "price": 30000,
        "discount": 30,
        "warranty": 10
      },
      {
        "name": "Laptop",
        "price": 50000,
        "discount": 35,
        "warranty": 5
      }
    ],
    "grocery": [
      {
        "name": "Mango",
        "price": 200,
        "discount": 10,
        "quantity": "1 kg"
      },
      {
        "name": "Banana",
        "price": 50,
        "discount": 10,
        "quantity": 12
      },
      {
        "name": "Grapes",
        "price": 300,
        "discount": 10,
        "quantity": "1 kg"
      }
    ]
  }
}
